id2,Last_name_MATCHED,Last_name,First_name,Party_EN,Party_GR,Link_DOI,ID
1073261,ΑΘΑΝΑΣΙΟΥ,Αθανασίου,Νάσος,Syriza,ΣΥΡΙΖΑ ,http://www.hellenicparliament.gr/userfiles/pothen/xrhsh2017_etos2018/ATHANASIOY_ATHANASIOS_1073261_2018.pdf,1073261
1073261,ΑΘΑΝΑΣΙΟΥ,Χαράλαμπος,Αθανασίου,New Democracy,ΝΕΑ ΔΗΜΟΚΡΑΤΙΑ,http://www.hellenicparliament.gr/userfiles/pothen/xrhsh2017_etos2018/ATHANASIOY_ATHANASIOS_1073261_2018.pdf,1073261
1255857,ΑΪΒΑΤΙΔΗΣ,Γιάννης,Αϊβατίδης,Popular link - Golden Dawn,ΧΡΥΣΗ ΑΥΓΗ,https://www.hellenicparliament.gr/userfiles/pothen/xrhsh2017_etos2018/AIBATIDIS_IOANN_1255857_2018.pdf,1255857
1076880,ΑΚΡΙΩΤΗΣ,Ακριώτης,Γιώργος,Syriza,ΣΥΡΙΖΑ ,https://www.hellenicparliament.gr/userfiles/pothen/xrhsh2017_etos2018/AKRIOTIS_GEORGIOS_1186657_2018.pdf,1076880
1064548,ΑΜΑΝΑΤΙΔΗΣ,Αμανατίδης,Γιάννης,Syriza,ΣΥΡΙΖΑ ,http://www.hellenicparliament.gr/userfiles/pothen/xrhsh2017_etos2018/AMANATIDIS_IOANNIS_1064548_2018.pdf,1064548
1099607,ΑΝΑΓΝΩΣΤΟΠΟΥΛΟΥ,Αναγνωστοπούλου,Σία,Syriza,ΣΥΡΙΖΑ ,http://www.hellenicparliament.gr/userfiles/pothen/xrhsh2017_etos2018/ANAGNOSTOPOYLOY_ATHANASIA_1099607_2018.pdf,1099607
1033900,ΑΝΑΣΤΑΣΙΑΔΗΣ,Σάββας,Αναστασιάδης,New Democracy,ΝΕΑ ΔΗΜΟΚΡΑΤΙΑ,http://www.hellenicparliament.gr/userfiles/pothen/xrhsh2017_etos2018/ANASTASIADIS_SABBAS_1033900_2018.pdf,1033900
1195960,ΑΝΔΡΙΑΝΟΣ,Γιάννης,Ανδριανός,New Democracy,ΝΕΑ ΔΗΜΟΚΡΑΤΙΑ,http://www.hellenicparliament.gr/userfiles/pothen/xrhsh2017_etos2018/ANDRIANOS_IOANN_1195960_2018.pdf,1195960
1155380,ΑΝΤΩΝΙΑΔΗΣ,Γιάννης,Αντωνιάδης,New Democracy,ΝΕΑ ΔΗΜΟΚΡΑΤΙΑ,http://www.hellenicparliament.gr/userfiles/pothen/xrhsh2017_etos2018/ANTONIADIS_IOANNIS_1155380_2018.pdf,1155380
1046841,ΑΝΤΩΝΙΟΥ,Αντωνίου,Χρήστος,Syriza,ΣΥΡΙΖΑ ,https://www.hellenicparliament.gr/userfiles/pothen/xrhsh2017_etos2018/ANTONIOY_CHRISTOS_1046841_2018.pdf,1046841
1292323,ΑΝΤΩΝΙΟΥ,Μαρία,Αντωνίου,New Democracy,ΝΕΑ ΔΗΜΟΚΡΑΤΙΑ,http://www.hellenicparliament.gr/userfiles/pothen/xrhsh2017_etos2018/ANTONIOY_MARIA_1292323_2018.pdf,1292323
1297238,ΑΠΟΣΤΟΛΟΥ,Αποστόλου,Ευάγγελος,Syriza,ΣΥΡΙΖΑ ,https://www.hellenicparliament.gr/userfiles/pothen/xrhsh2017_etos2018/APOSTOLOY_EYAGGELOS_1052300_2018.pdf,1297238
1319172,ΑΡΑΜΠΑΤΖΗ,Φωτεινή,Αραμπατζή,New Democracy,ΝΕΑ ΔΗΜΟΚΡΑΤΙΑ,http://www.hellenicparliament.gr/userfiles/pothen/xrhsh2017_etos2018/ARAMPATZI_FOTEINI_1319172_2018.pdf,1319172
1317968,ΑΡΑΧΩΒΙΤΗΣ,Αραχωβίτης,Σταύρος,Syriza,ΣΥΡΙΖΑ ,http://www.hellenicparliament.gr/userfiles/pothen/xrhsh2017_etos2018/ARACHOBITIS_STAYROS_1317968_2018.pdf,1317968
1230210,ΑΡΒΑΝΙΤΙΔΗΣ,Γιώργος,Αρβανιτίδης,Democratic coalition (PASOK),ΔΗΜΟΚΡΑΤΙΚΗ ΣΥΜΠΑΡΑΤΑΞΗ,http://www.hellenicparliament.gr/userfiles/pothen/xrhsh2017_etos2018/ARBANITIDIS_GEORGIOS_1230210_2018.pdf,1230210
1205293,ΑΥΓΕΝΑΚΗΣ,Λευτέρης,Αυγενάκης,New Democracy,ΝΕΑ ΔΗΜΟΚΡΑΤΙΑ,http://www.hellenicparliament.gr/userfiles/pothen/xrhsh2017_etos2018/AYGENAKIS_ELEYTHERIOS_1205293_2018.pdf,1205293
1053151,ΑΥΛΩΝΙΤΟΥ,Αυλωνίτου,Ελένη,Syriza,ΣΥΡΙΖΑ ,https://www.hellenicparliament.gr/userfiles/pothen/xrhsh2017_etos2018/AYLONITOY_ELENI_1123345_2018.pdf,1053151
964798,ΑΧΜΕΤ,Ιλχάν,Αχμέτ,Democratic coalition (PASOK),ΔΗΜΟΚΡΑΤΙΚΗ ΣΥΜΠΑΡΑΤΑΞΗ,http://www.hellenicparliament.gr/userfiles/pothen/xrhsh2017_etos2018/ACHMET_ILCHAN_964798_2018.pdf,964798
1228064,ΒΑΓΕΝΑ,Βαγενά,Άννα,Syriza,ΣΥΡΙΖΑ ,http://www.hellenicparliament.gr/userfiles/pothen/xrhsh2017_etos2018/BAGENA_ANNA_1228064_2018.pdf,1228064
1176167,ΒΑΓΙΩΝΑΚΗ,Βαγιωνάκη,Βάλια,Syriza,ΣΥΡΙΖΑ ,http://www.hellenicparliament.gr/userfiles/pothen/xrhsh2017_etos2018/BAGIONAKI_EYAGGELIA_1176167_2018.pdf,1176167
1010985,ΒΑΓΙΩΝΑΣ,Γιώργος,Βαγιωνάς,New Democracy,ΝΕΑ ΔΗΜΟΚΡΑΤΙΑ,http://www.hellenicparliament.gr/userfiles/pothen/xrhsh2017_etos2018/BAGIONAS_GEORG_1010985_2018.pdf,1010985
1298605,ΒΑΚΗ,Βάκη,Φωτεινή,Syriza,ΣΥΡΙΖΑ ,https://www.hellenicparliament.gr/userfiles/pothen/xrhsh2017_etos2018/BAKI_FOTEINI_1093961_2018.pdf,1298605
1117083,ΒΑΡΒΙΤΣΙΩΤΗΣ,Μιλτιάδης,Βαρβιτσιώτης,New Democracy,ΝΕΑ ΔΗΜΟΚΡΑΤΙΑ,http://www.hellenicparliament.gr/userfiles/pothen/xrhsh2017_etos2018/BARBITSIOTIS_MILTIADIS_1117083_2018.pdf,1117083
1301029,ΒΑΡΔΑΚΗΣ,Βαρδάκης,Σωκράτης,Syriza,ΣΥΡΙΖΑ ,https://www.hellenicparliament.gr/userfiles/pothen/xrhsh2017_etos2018/BARDAKIS_SOKRATIS_1321810_2018.pdf,1301029
1050675,ΒΑΡΔΑΛΗΣ,Θανάσης,Βαρδαλής,Greek Communist Party,Κομμουνιστικό Κόμμα Ελλάδας,http://www.hellenicparliament.gr/userfiles/pothen/xrhsh2017_etos2018/BARDALIS_ATHANASIOS_1050675_2018.pdf,1050675
1308247,ΒΑΡΕΜΕΝΟΣ,Βαρεμένος,Γιώργος,Syriza,ΣΥΡΙΖΑ ,https://www.hellenicparliament.gr/userfiles/pothen/xrhsh2017_etos2018/BAREMENOS_GEORGIOS_1308247_2018.pdf,1308247
1114235,ΒΕΖΥΡΟΠΟΥΛΟΣ,Απόστολος,Βεζυρόπουλος,New Democracy,ΝΕΑ ΔΗΜΟΚΡΑΤΙΑ,https://www.hellenicparliament.gr/userfiles/pothen/xrhsh2017_etos2018/BESYROPOYLOS_APOST_1114235_2018.pdf,1114235
1003487,ΒΕΝΙΖΕΛΟΣ,Ευάγγελος,Βενιζέλος,Democratic coalition (PASOK),ΔΗΜΟΚΡΑΤΙΚΗ ΣΥΜΠΑΡΑΤΑΞΗ,http://www.hellenicparliament.gr/userfiles/pothen/xrhsh2017_etos2018/BENIZELOS_EYAGGELOS_1003487_2018.pdf,1003487
1192235,ΒΕΡΝΑΡΔΑΚΗΣ,Βερναρδάκης,Χριστόφορος,Syriza,ΣΥΡΙΖΑ ,http://www.hellenicparliament.gr/userfiles/pothen/xrhsh2017_etos2018/BERNARDAKIS_CHRISTOFOROS_1192235_2018.pdf,1192235
1156107,ΒΕΤΤΑΣ,Βέττας,Δημήτρης,Syriza,ΣΥΡΙΖΑ ,http://www.hellenicparliament.gr/userfiles/pothen/xrhsh2017_etos2018/BETTAS_DIMITR_1156107_2018.pdf,1156107
1044518,ΒΙΤΣΑΣ,Βίτσας,Δημήτρης,Syriza,ΣΥΡΙΖΑ ,http://www.hellenicparliament.gr/userfiles/pothen/xrhsh2017_etos2018/BITSAS_ATHANASIOS_1044518_2018.pdf,1044518
1300153,ΒΛΑΣΗΣ,Κώστας,Βλάσης,New Democracy,ΝΕΑ ΔΗΜΟΚΡΑΤΙΑ,http://www.hellenicparliament.gr/userfiles/pothen/xrhsh2017_etos2018/BLASIS_KONSTANTINOS_1300153_2018.pdf,1300153
1187088,ΒΛΑΧΟΣ,Γιώργος,Βλάχος,New Democracy,ΝΕΑ ΔΗΜΟΚΡΑΤΙΑ,http://www.hellenicparliament.gr/userfiles/pothen/xrhsh2017_etos2018/BLACHOS_GEORGIOS_1187088_2018.pdf,1187088
1280279,ΒΛΑΧΟΥ,Σωτηρία,Βλάχου,Popular link - Golden Dawn,ΧΡΥΣΗ ΑΥΓΗ,http://www.hellenicparliament.gr/userfiles/pothen/xrhsh2017_etos2018/BLACHOY_SOTIRIA_1280279_2018.pdf,1280279
1229606,ΒΟΡΙΔΗΣ,Μάκης,Βορίδης,New Democracy,ΝΕΑ ΔΗΜΟΚΡΑΤΙΑ,http://www.hellenicparliament.gr/userfiles/pothen/xrhsh2017_etos2018/BORIDIS_MAYR_1229606_2018.pdf,1229606
1070772,ΒΟΥΛΤΕΨΗ,Σοφία,Βούλτεψη,New Democracy,ΝΕΑ ΔΗΜΟΚΡΑΤΙΑ,http://www.hellenicparliament.gr/userfiles/pothen/xrhsh2017_etos2018/BOYLTEPSI_SOFIA_1070772_2018.pdf,1070772
1320911,ΒΟΥΤΣΗΣ,Βούτσης,Νίκος,Syriza,ΣΥΡΙΖΑ ,http://www.hellenicparliament.gr/userfiles/pothen/xrhsh2017_etos2018/BOYTSIS_NIKOLAOS_1320911_2018.pdf,1320911
1076880,ΒΡΑΝΤΖΑ,Βράντζα,Παναγιώτα,Syriza,ΣΥΡΙΖΑ ,https://www.hellenicparliament.gr/userfiles/pothen/xrhsh2017_etos2018/BRANTZA_PANAGIOTA_1304866_2018.pdf,1076880
1077798,ΒΡΟΥΤΣΗΣ,Γιάννης,Βρούτσης,New Democracy,ΝΕΑ ΔΗΜΟΚΡΑΤΙΑ,http://www.hellenicparliament.gr/userfiles/pothen/xrhsh2017_etos2018/BROYTSIS_IOANN_1077798_2018.pdf,1077798
1213825,ΓΑΒΡΟΓΛΟΥ,Γαβρόγλου,Κώστας,Syriza,ΣΥΡΙΖΑ ,http://www.hellenicparliament.gr/userfiles/pothen/xrhsh2017_etos2018/GABROGLOY_KONST_1213825_2018.pdf,1213825
1308036,ΓΑΚΗΣ,Γάκης,Δημήτρης,Syriza,ΣΥΡΙΖΑ ,http://www.hellenicparliament.gr/userfiles/pothen/xrhsh2017_etos2018/GAKIS_DIMITRIOS_1308036_2018.pdf,1308036
1053151,ΓΕΝΝΗΜΑΤΑ,Φώφη,Γεννηματά,Democratic coalition (PASOK),ΔΗΜΟΚΡΑΤΙΚΗ ΣΥΜΠΑΡΑΤΑΞΗ,https://www.hellenicparliament.gr/userfiles/pothen/xrhsh2017_etos2018/GENIMATA_FOTEINI_1053151_2018.pdf,1053151
1298873,ΓΕΝΝΙΑ,Γεννιά,Γεωργία,Syriza,ΣΥΡΙΖΑ ,http://www.hellenicparliament.gr/userfiles/pothen/xrhsh2017_etos2018/GENNIA_GEORGIA_1298873_2018.pdf,1298873
1316201,ΓΕΡΜΕΝΗΣ,Γιώργος,Γερμενής,Popular link - Golden Dawn,ΧΡΥΣΗ ΑΥΓΗ,http://www.hellenicparliament.gr/userfiles/pothen/xrhsh2017_etos2018/GERMENIS_GEORGIOS_1316201_2018.pdf,1316201
1192178,ΓΕΡΟΒΑΣΙΛΗ,Γεροβασίλη,Όλγα,Syriza,ΣΥΡΙΖΑ ,https://www.hellenicparliament.gr/userfiles/pothen/xrhsh2017_etos2018/GEROBASILI_OLGA_1307148_2018.pdf,1192178
1135393,ΓΕΩΡΓΑΝΤΑΣ,Γιώργος,Γεωργαντάς,New Democracy,ΝΕΑ ΔΗΜΟΚΡΑΤΙΑ,http://www.hellenicparliament.gr/userfiles/pothen/xrhsh2017_etos2018/GEORGANTAS_GEORGIOS_1135393_2018.pdf,1135393
1072284,ΓΕΩΡΓΙΑΔΗΣ,Άδωνις,Γεωργιάδης,New Democracy,ΝΕΑ ΔΗΜΟΚΡΑΤΙΑ,https://www.hellenicparliament.gr/userfiles/pothen/xrhsh2017_etos2018/GEORGIADIS_SPYRIDON-ADONIS_1072284_2018.pdf,1072284
1283649,ΓΕΩΡΓΙΑΔΗΣ,Μάριος,Γεωργιάδης,Independent,ΑΝΕΞΑΡΤΗΤΟΙ,http://www.hellenicparliament.gr/userfiles/pothen/xrhsh2017_etos2018/GEORGIADIS_MARIOS_1283649_2018.pdf,1283649
1114235,ΓΕΩΡΓΟΠΟΥΛΟΥ-ΣΑΛΤΑΡΗ,Γεωργοπούλου-Σαλτάρη,Έφη,Syriza,ΣΥΡΙΖΑ ,https://www.hellenicparliament.gr/userfiles/pothen/xrhsh2017_etos2018/GEORGOPOYLOY_EYSTATHIA_1201078_2018.pdf,1114235
1195481,ΓΙΑΚΟΥΜΑΤΟΣ,Γεράσιμος,Γιακουμάτος,New Democracy,ΝΕΑ ΔΗΜΟΚΡΑΤΙΑ,http://www.hellenicparliament.gr/userfiles/pothen/xrhsh2017_etos2018/GIAKOYMATOS_GERASIMOS_1195481_2018.pdf,1195481
1081620,ΓΙΑΝΝΑΚΗΣ,Στέργιος,Γιαννάκης,New Democracy,ΝΕΑ ΔΗΜΟΚΡΑΤΙΑ,http://www.hellenicparliament.gr/userfiles/pothen/xrhsh2017_etos2018/GIANNAKIS_STERGIOS_1081620_2018.pdf,1081620
1255857,ΓΙΑΝΝΑΚΙΔΗΣ,Γιαννακίδης,Στάθης,Syriza,ΣΥΡΙΖΑ ,https://www.hellenicparliament.gr/userfiles/pothen/xrhsh2017_etos2018/GIANNAKIDIS_EYSTATHIOS_1181949_2018.pdf,1255857
1005997,ΓΙΟΓΙΑΚΑΣ,Βασίλης,Γιόγιακας,New Democracy,ΝΕΑ ΔΗΜΟΚΡΑΤΙΑ,http://www.hellenicparliament.gr/userfiles/pothen/xrhsh2017_etos2018/GIOGIAKAS_BASILEIOS_1005997_2018.pdf,1005997
1201078,ΓΚΑΡΑ,Γκαρά,Νατάσα,Syriza,ΣΥΡΙΖΑ ,https://www.hellenicparliament.gr/userfiles/pothen/xrhsh2017_etos2018/GKARA_ANASTASIA_1180884_2018.pdf,1201078
1221501,ΓΚΙΟΚΑΣ,Γιάννης,Γκιόκας,Greek Communist Party,Κομμουνιστικό Κόμμα Ελλάδας,http://www.hellenicparliament.gr/userfiles/pothen/xrhsh2017_etos2018/GKIOKAS_IOANNIS_1221501_2018.pdf,1221501
1192178,ΓΚΙΟΛΑΣ,Γκιόλας,Γιάννης,Syriza,ΣΥΡΙΖΑ ,https://www.hellenicparliament.gr/userfiles/pothen/xrhsh2017_etos2018/GKIOLAS_IOANN_1082959_2018.pdf,1192178
1272221,ΓΚΙΟΥΛΕΚΑΣ,Κώστας,Γκιουλέκας,New Democracy,ΝΕΑ ΔΗΜΟΚΡΑΤΙΑ,http://www.hellenicparliament.gr/userfiles/pothen/xrhsh2017_etos2018/GKIOYLEKAS_KONSTANTINOS_1272221_2018.pdf,1272221
1275989,ΓΡΕΓΟΣ,Αντώνης,Γρέγος,Popular link - Golden Dawn,ΧΡΥΣΗ ΑΥΓΗ,http://www.hellenicparliament.gr/userfiles/pothen/xrhsh2017_etos2018/GREGOS_ANTONIOS_1275989_2018.pdf,1275989
1094853,ΓΡΗΓΟΡΑΚΟΣ,Λεωνίδας,Γρηγοράκος,Democratic coalition (PASOK),ΔΗΜΟΚΡΑΤΙΚΗ ΣΥΜΠΑΡΑΤΑΞΗ,http://www.hellenicparliament.gr/userfiles/pothen/xrhsh2017_etos2018/GRIGORAKOS_LEONIDAS_1094853_2018.pdf,1094853
1319980,ΔΑΒΑΚΗΣ,Θανάσης,Δαβάκης,New Democracy,ΝΕΑ ΔΗΜΟΚΡΑΤΙΑ,http://www.hellenicparliament.gr/userfiles/pothen/xrhsh2017_etos2018/DABAKIS_ATHANASIOS_1319980_2018.pdf,1319980
1122157,ΔΑΝΕΛΛΗΣ,Σπύρος,Δανέλλης,Independent,ΑΝΕΞΑΡΤΗΤΟΙ,http://www.hellenicparliament.gr/userfiles/pothen/xrhsh2017_etos2018/DANELLIS_SPYRIDON_1122157_2018.pdf,1122157
1118577,ΔΕΔΕΣ,Δέδες,Ιωάννης,Syriza,ΣΥΡΙΖΑ ,http://www.hellenicparliament.gr/userfiles/pothen/xrhsh2017_etos2018/DEDES_IOANNIS_1118577_2018.pdf,1118577
1302812,ΔΕΛΗΣ,Γιάννης,Δελής,Greek Communist Party,Κομμουνιστικό Κόμμα Ελλάδας,http://www.hellenicparliament.gr/userfiles/pothen/xrhsh2017_etos2018/DELIS_IOANNIS_1302812_2018.pdf,1302812
1212529,ΔΕΝΔΙΑΣ,Νίκος,Δένδιας,New Democracy,ΝΕΑ ΔΗΜΟΚΡΑΤΙΑ,http://www.hellenicparliament.gr/userfiles/pothen/xrhsh2017_etos2018/DENDIAS_NIKOLAOS-GEORGIOS_1212529_2018.pdf,1212529
1298605,ΔΗΜΑΡΑΣ,Δημαράς,Γιώργος,Syriza,ΣΥΡΙΖΑ ,https://www.hellenicparliament.gr/userfiles/pothen/xrhsh2017_etos2018/DIMARAS_GEORGIOS_1053128_2018.pdf,1298605
1213567,ΔΗΜΑΣ,Χρίστος,Δήμας,New Democracy,ΝΕΑ ΔΗΜΟΚΡΑΤΙΑ,http://www.hellenicparliament.gr/userfiles/pothen/xrhsh2017_etos2018/DIMAS_CHRISTOS_1213567_2018.pdf,1213567
1053151,ΔΗΜΗΤΡΙΑΔΗΣ,Δημητριάδης,Δημήτρης,Syriza,ΣΥΡΙΖΑ ,https://www.hellenicparliament.gr/userfiles/pothen/xrhsh2017_etos2018/DIMITRIADIS_DIMITRIOS_1265932_2018.pdf,1053151
1029985,ΔΗΜΟΣΧΑΚΗΣ,Αναστάσιος,Δημοσχάκης,New Democracy,ΝΕΑ ΔΗΜΟΚΡΑΤΙΑ,http://www.hellenicparliament.gr/userfiles/pothen/xrhsh2017_etos2018/DIMOSCHAKIS_ANAST_1029985_2018.pdf,1029985
1192178,ΔΟΥΖΙΝΑΣ,Δουζίνας,Κώστας,Syriza,ΣΥΡΙΖΑ ,https://www.hellenicparliament.gr/userfiles/pothen/xrhsh2017_etos2018/DOYZINAS_KONSTANTINOS_1140373_2018.pdf,1192178
1323461,ΔΡΑΓΑΣΑΚΗΣ,Δραγασάκης,Γιάννης,Syriza,ΣΥΡΙΖΑ ,http://www.hellenicparliament.gr/userfiles/pothen/xrhsh2017_etos2018/DRAGASAKIS_IOANNIS_1323461_2018.pdf,1323461
1322659,ΔΡΙΤΣΑΣ,Δρίτσας,Θοδωρής,Syriza,ΣΥΡΙΖΑ ,https://www.hellenicparliament.gr/userfiles/pothen/xrhsh2017_etos2018/DRITSAS_THEODOROS_1322659_2018.pdf,1322659
1053151,ΔΡΙΤΣΕΛΗ,Δριτσέλη,Παναγιώτα,Syriza,ΣΥΡΙΖΑ ,https://www.hellenicparliament.gr/userfiles/pothen/xrhsh2017_etos2018/DRITSELI_PANAGIOTA_998791_2018.pdf,1053151
1037793,ΕΜΜΑΝΟΥΗΛΙΔΗΣ,Εμμανουηλίδης,Δημήτρης,Syriza,ΣΥΡΙΖΑ ,https://www.hellenicparliament.gr/userfiles/pothen/xrhsh2017_etos2018/EMMANOYILIDIS_DIMITRIOS_1257000_2018.pdf,1037793
1318782,ΖΑΡΟΥΛΙΑ,Ελένη,Ζαρούλια,Popular link - Golden Dawn,ΧΡΥΣΗ ΑΥΓΗ,http://www.hellenicparliament.gr/userfiles/pothen/xrhsh2017_etos2018/ZAROYLIA_ELENI_1318782_2018.pdf,1318782
1053151,ΖΕΪΜΠΕΚ,Ζεϊμπέκ,Χουσεΐν,Syriza,ΣΥΡΙΖΑ ,https://www.hellenicparliament.gr/userfiles/pothen/xrhsh2017_etos2018/ZEIMPEK_CHOYS_1298605_2018.pdf,1053151
1192178,ΖΟΥΡΑΡΙΣ,Κώστας,Ζουράρις,Independent,ΑΝΕΞΑΡΤΗΤΟΙ,https://www.hellenicparliament.gr/userfiles/pothen/xrhsh2017_etos2018/ZOYRARIS_KON_1192178_2018.pdf,1192178
1192178,ΗΓΟΥΜΕΝΙΔΗΣ,Ηγουμενίδης,Νίκος,Syriza,ΣΥΡΙΖΑ ,https://www.hellenicparliament.gr/userfiles/pothen/xrhsh2017_etos2018/IGOYMENIDIS_NIKOLAOS_1278371_2018.pdf,1192178
1315995,ΗΛΙΟΠΟΥΛΟΣ,Παναγιώτης,Ηλιόπουλος,Popular link - Golden Dawn,ΧΡΥΣΗ ΑΥΓΗ,http://www.hellenicparliament.gr/userfiles/pothen/xrhsh2017_etos2018/ILIOPOYLOS_PANAGIOTIS_1315995_2018.pdf,1315995
1300155,ΘΕΛΕΡΙΤΗ,Θελερίτη,Μαρία,Syriza,ΣΥΡΙΖΑ ,http://www.hellenicparliament.gr/userfiles/pothen/xrhsh2017_etos2018/THELERITI_MARIA_1300155_2018.pdf,1300155
1093493,ΘΕΟΔΩΡΑΚΗΣ,Σταύρος,Θεοδωράκης,The River ,ΤΟ ΠΟΤΑΜΙ,http://www.hellenicparliament.gr/userfiles/pothen/xrhsh2017_etos2018/THEODORAKIS_STAYROS_1093493_2018.pdf,1093493
1114235,ΘΕΟΠΕΦΤΑΤΟΥ,Θεοπεφτάτου,Αφροδίτη,Syriza,ΣΥΡΙΖΑ ,https://www.hellenicparliament.gr/userfiles/pothen/xrhsh2017_etos2018/THEOPEFTATOY_AFRODITI_1003131_2018.pdf,1114235
1058707,ΘΕΟΦΥΛΑΚΤΟΣ,Θεοφύλακτος,Γιάννης,Syriza,ΣΥΡΙΖΑ ,https://www.hellenicparliament.gr/userfiles/pothen/xrhsh2017_etos2018/THEOFYLAKTOS_IOANNIS_1308421_2018.pdf,1058707
1117184,ΘΕΟΧΑΡΗΣ,Χάρης,Θεοχάρης,New Democracy,ΝΕΑ ΔΗΜΟΚΡΑΤΙΑ,http://www.hellenicparliament.gr/userfiles/pothen/xrhsh2017_etos2018/THEOCHARIS_THEOCHARIS_1117184_2018.pdf,1117184
1041101,ΘΕΟΧΑΡΟΠΟΥΛΟΣ,Θανάσης,Θεοχαρόπουλος,Independent,ΑΝΕΞΑΡΤΗΤΟΙ,http://www.hellenicparliament.gr/userfiles/pothen/xrhsh2017_etos2018/THEOCHAROPOYLOS_ATHANASIOS_1041101_2018.pdf,1041101
1298605,ΘΕΩΝΑΣ,Θεωνάς,Γιάννης,Syriza,ΣΥΡΙΖΑ ,https://www.hellenicparliament.gr/userfiles/pothen/xrhsh2017_etos2018/THEONAS_IOANNIS_992846_2018.pdf,1298605
1224879,ΘΗΒΑΙΟΣ,Θηβαίος,Νίκος,Syriza,ΣΥΡΙΖΑ ,http://www.hellenicparliament.gr/userfiles/pothen/xrhsh2017_etos2018/THIBAIOS_NIKOLAOS_1224879_2018.pdf,1224879
1308341,ΘΡΑΨΑΝΙΩΤΗΣ,Θραψανιώτης,Μανώλης,Syriza,ΣΥΡΙΖΑ ,http://www.hellenicparliament.gr/userfiles/pothen/xrhsh2017_etos2018/THRAPSANIOTIS_EMMAN_1308341_2018.pdf,1308341
1290996,ΙΓΓΛΕΖΗ,Ιγγλέζη,Κατερίνα,Syriza,ΣΥΡΙΖΑ ,http://www.hellenicparliament.gr/userfiles/pothen/xrhsh2017_etos2018/IGGLEZI_AIKATERINI_1290996_2018.pdf,1290996
1293432,ΚΑΒΑΔΕΛΛΑΣ,Δημήτρης,Καβαδέλλας,Independent,ΑΝΕΞΑΡΤΗΤΟΙ,http://www.hellenicparliament.gr/userfiles/pothen/xrhsh2017_etos2018/KABADELLAS_DIMITRIOS_1293432_2018.pdf,1293432
1178060,ΚΑΒΒΑΔΑΣ,Θανάσης,Καββαδάς,New Democracy,ΝΕΑ ΔΗΜΟΚΡΑΤΙΑ,http://www.hellenicparliament.gr/userfiles/pothen/xrhsh2017_etos2018/KABBADAS_ATHANAS_1178060_2018.pdf,1178060
1255857,ΚΑΒΒΑΔΙΑ,Καββαδία,Αννέτα,Syriza,ΣΥΡΙΖΑ ,https://www.hellenicparliament.gr/userfiles/pothen/xrhsh2017_etos2018/KABBADIA_IOANNETA_1290773_2018.pdf,1255857
1141342,ΚΑΪΣΑΣ,Καΐσας,Γιώργος,Syriza,ΣΥΡΙΖΑ ,https://www.hellenicparliament.gr/userfiles/pothen/xrhsh2017_etos2018/KAISAS_GEORGIOS_1141342_2018.pdf,1141342
1080254,ΚΑΚΛΑΜΑΝΗΣ,Νικήτας,Κακλαμάνης,New Democracy,ΝΕΑ ΔΗΜΟΚΡΑΤΙΑ,http://www.hellenicparliament.gr/userfiles/pothen/xrhsh2017_etos2018/KAKLAMANIS_NIKITAS_1080254_2018.pdf,1080254
1313574,ΚΑΛΑΦΑΤΗΣ,Σταύρος,Καλαφάτης,New Democracy,ΝΕΑ ΔΗΜΟΚΡΑΤΙΑ,http://www.hellenicparliament.gr/userfiles/pothen/xrhsh2017_etos2018/KALAFATIS_STAYROS_1313574_2018.pdf,1313574
1321459,ΚΑΜΑΤΕΡΟΣ,Καματερός,Ηλίας,Syriza,ΣΥΡΙΖΑ ,http://www.hellenicparliament.gr/userfiles/pothen/xrhsh2017_etos2018/KAMATEROS_ILIAS_1321459_2018.pdf,1321459
1323097,ΚΑΜΜΕΝΟΣ,Πάνος,Καμμένος,Independent,ΑΝΕΞΑΡΤΗΤΟΙ,https://www.hellenicparliament.gr/userfiles/pothen/xrhsh2017_etos2018/KAMMENOS_PANAGIOTIS_1308115_2018.pdf,1323097
1323097,ΚΑΜΜΕΝΟΣ,Δημήτρης,Καμμένος,Independent,ΑΝΕΞΑΡΤΗΤΟΙ,http://www.hellenicparliament.gr/userfiles/pothen/xrhsh2017_etos2018/KAMMENOS_DIMITR_1323097_2018.pdf,1323097
1086071,ΚΑΝΕΛΛΗ,Λιάνα,Κανέλλη,Greek Communist Party,Κομμουνιστικό Κόμμα Ελλάδας,http://www.hellenicparliament.gr/userfiles/pothen/xrhsh2017_etos2018/KANELLI_GARYFALLIA_1086071_2018.pdf,1086071
1298605,ΚΑΡΑ,Καρά,Αϊχάν,Syriza,ΣΥΡΙΖΑ ,https://www.hellenicparliament.gr/userfiles/pothen/xrhsh2017_etos2018/KARA-GIOYSOYF_AICHAN_1018669_2018.pdf,1298605
1114235,ΚΑΡΑΓΙΑΝΝΗΣ,Καραγιάννης,Γιάννης,Syriza,ΣΥΡΙΖΑ ,https://www.hellenicparliament.gr/userfiles/pothen/xrhsh2017_etos2018/KARAGIANNIS_IOANNIS_1113463_2018.pdf,1114235
1187683,ΚΑΡΑΓΙΑΝΝΙΔΗΣ,Καραγιαννίδης,Χρήστος,Syriza,ΣΥΡΙΖΑ ,http://www.hellenicparliament.gr/userfiles/pothen/xrhsh2017_etos2018/KARAGIANNIDIS_CHRISTOS_1187683_2018.pdf,1187683
1196938,ΚΑΡΑΓΚΟΥΝΗΣ,Κώστας,Καραγκούνης,New Democracy,ΝΕΑ ΔΗΜΟΚΡΑΤΙΑ,http://www.hellenicparliament.gr/userfiles/pothen/xrhsh2017_etos2018/KARAGKOYNIS_KONSTANTINOS_1196938_2018.pdf,1196938
1049420,ΚΑΡΑΘΑΝΑΣΟΠΟΥΛΟΣ,Νίκος,Καραθανασόπουλος,Greek Communist Party,Κομμουνιστικό Κόμμα Ελλάδας,http://www.hellenicparliament.gr/userfiles/pothen/xrhsh2017_etos2018/KARATHANASOPOYLOS_NIKOLAOS_1049420_2018.pdf,1049420
1281044,ΚΑΡΑΚΩΣΤΑ,Καρακώστα,Εύη,Syriza,ΣΥΡΙΖΑ ,http://www.hellenicparliament.gr/userfiles/pothen/xrhsh2017_etos2018/KARAKOSTA_EYAGGELIA_1281044_2018.pdf,1281044
1245758,ΚΑΡΑΚΩΣΤΑΣ,Ευάγγελος,Καρακώστας,Popular link - Golden Dawn,ΧΡΥΣΗ ΑΥΓΗ,http://www.hellenicparliament.gr/userfiles/pothen/xrhsh2017_etos2018/KARAKOSTAS_EYAGGELOS_1245758_2018.pdf,1245758
986134,ΚΑΡΑΜΑΝΛΗ,Άννα,Καραμανλή,New Democracy,ΝΕΑ ΔΗΜΟΚΡΑΤΙΑ,http://www.hellenicparliament.gr/userfiles/pothen/xrhsh2017_etos2018/KARAMANLI_ANNA_986134_2018.pdf,986134
1188522,ΚΑΡΑΜΑΝΛΗΣ,Κώστας,Καραμανλής,New Democracy,ΝΕΑ ΔΗΜΟΚΡΑΤΙΑ,http://www.hellenicparliament.gr/userfiles/pothen/xrhsh2017_etos2018/KARAMANLIS_KONST_1188522_2018.pdf,1188522
1058707,ΚΑΡΑΝΑΣΤΑΣΗΣ,Καραναστάσης,Απόστολος,Syriza,ΣΥΡΙΖΑ ,https://www.hellenicparliament.gr/userfiles/pothen/xrhsh2017_etos2018/KARANASTASIS_APOST_1046713_2018.pdf,1058707
1313680,ΚΑΡΑΟΓΛΟΥ,Θεόδωρος,Καράογλου,New Democracy,ΝΕΑ ΔΗΜΟΚΡΑΤΙΑ,http://www.hellenicparliament.gr/userfiles/pothen/xrhsh2017_etos2018/KARAOGLOY_THEODOROS_1313680_2018.pdf,1313680
1255857,ΚΑΡΑΣΑΡΛΙΔΟΥ,Καρασαρλίδου,Φρόσω,Syriza,ΣΥΡΙΖΑ ,https://www.hellenicparliament.gr/userfiles/pothen/xrhsh2017_etos2018/KARASARLIDOY_EYFROSYNI_1215131_2018.pdf,1255857
1181773,ΚΑΡΑΣΜΑΝΗΣ,Γιώργος,Καρασμάνης,New Democracy,ΝΕΑ ΔΗΜΟΚΡΑΤΙΑ,http://www.hellenicparliament.gr/userfiles/pothen/xrhsh2017_etos2018/KARASMANIS_GEORGIOS_1181773_2018.pdf,1181773
1182861,ΚΑΡΡΑΣ,Γεώργιος-Δημήτριος,Καρράς,Democratic coalition (PASOK),ΔΗΜΟΚΡΑΤΙΚΗ ΣΥΜΠΑΡΑΤΑΞΗ,http://www.hellenicparliament.gr/userfiles/pothen/xrhsh2017_etos2018/KARRAS_GEORGIOS-DIMITRIOS_1182861_2018.pdf,1182861
1298066,ΚΑΣΑΠΙΔΗΣ,Γιώργος,Κασαπίδης,New Democracy,ΝΕΑ ΔΗΜΟΚΡΑΤΙΑ,http://www.hellenicparliament.gr/userfiles/pothen/xrhsh2017_etos2018/KASAPIDIS_GEORGIOS_1298066_2018.pdf,1298066
1305736,ΚΑΣΙΔΙΑΡΗΣ,Ηλίας,Κασιδιάρης,Popular link - Golden Dawn,ΧΡΥΣΗ ΑΥΓΗ,http://www.hellenicparliament.gr/userfiles/pothen/xrhsh2017_etos2018/KASIDIARIS_ILIAS_1305736_2018.pdf,1305736
1286406,ΚΑΣΙΜΑΤΗ,Κασιμάτη,Νίνα,Syriza,ΣΥΡΙΖΑ ,http://www.hellenicparliament.gr/userfiles/pothen/xrhsh2017_etos2018/KASIMATI_EIRINI_1286406_2018.pdf,1286406
1211712,ΚΑΣΤΟΡΗΣ,Καστόρης,Αστέριος,Syriza,ΣΥΡΙΖΑ ,http://www.hellenicparliament.gr/userfiles/pothen/xrhsh2017_etos2018/KASTORIS_ASTERIOS_1211712_2018.pdf,1211712
1294009,ΚΑΤΡΟΥΓΚΑΛΟΣ,Κατρούγκαλος,Γιώργος,Syriza,ΣΥΡΙΖΑ ,https://www.hellenicparliament.gr/userfiles/pothen/xrhsh2017_etos2018/KATROYGKALOS_GEORGIOS_983971_2018.pdf,1294009
1297238,ΚΑΤΣΑΒΡΙΑ-ΣΙΩΡΟΠΟΥΛΟΥ,Κατσαβριά-Σιωροπούλου,Χρυσούλα,Syriza,ΣΥΡΙΖΑ ,https://www.hellenicparliament.gr/userfiles/pothen/xrhsh2017_etos2018/SIOROPOYLOY_CHRYSOYLA_1297238_2018.pdf,1297238
1106518,ΚΑΤΣΑΝΙΩΤΗΣ,Ανδρέας,Κατσανιώτης,New Democracy,ΝΕΑ ΔΗΜΟΚΡΑΤΙΑ,http://www.hellenicparliament.gr/userfiles/pothen/xrhsh2017_etos2018/KATSANIOTIS_ANDR_1106518_2018.pdf,1106518
971923,ΚΑΤΣΑΦΑΔΟΣ,Κωνσταντίνος,Κατσαφάδος,New Democracy,ΝΕΑ ΔΗΜΟΚΡΑΤΙΑ,http://www.hellenicparliament.gr/userfiles/pothen/xrhsh2017_etos2018/KATSAFADOS_KONSTANTINOS_971923_2018.pdf,971923
1057930,ΚΑΤΣΗΣ,Κάτσης,Μάριος,Syriza,ΣΥΡΙΖΑ ,http://www.hellenicparliament.gr/userfiles/pothen/xrhsh2017_etos2018/KATSIS_MARIOS_1057930_2018.pdf,1057930
1175075,ΚΑΤΣΙΑΝΤΩΝΗΣ,Γιώργος,Κατσιαντώνης,New Democracy,ΝΕΑ ΔΗΜΟΚΡΑΤΙΑ,http://www.hellenicparliament.gr/userfiles/pothen/xrhsh2017_etos2018/KATSIANTONIS_GEORGIOS_1175075_2018.pdf,1175075
1088029,ΚΑΤΣΙΚΗΣ,Κωνσταντίνος,Κατσίκης,Independent,ΑΝΕΞΑΡΤΗΤΟΙ,http://www.hellenicparliament.gr/userfiles/pothen/xrhsh2017_etos2018/KATSIKIS_KONSTANTINOS_1088029_2018.pdf,1088029
1060075,ΚΑΤΣΩΤΗΣ,Χρήστος,Κατσώτης,Greek Communist Party,Κομμουνιστικό Κόμμα Ελλάδας,http://www.hellenicparliament.gr/userfiles/pothen/xrhsh2017_etos2018/KATSOTIS_CHRISTOS_1060075_2018.pdf,1060075
1114235,ΚΑΦΑΝΤΑΡΗ,Καφαντάρη,Χαρά,Syriza,ΣΥΡΙΖΑ ,https://www.hellenicparliament.gr/userfiles/pothen/xrhsh2017_etos2018/KAFANTARI_CHAROYLA_1104096_2018.pdf,1114235
1225000,ΚΕΓΚΕΡΟΓΛΟΥ,Βασίλης,Κεγκέρογλου,Democratic coalition (PASOK),ΔΗΜΟΚΡΑΤΙΚΗ ΣΥΜΠΑΡΑΤΑΞΗ,http://www.hellenicparliament.gr/userfiles/pothen/xrhsh2017_etos2018/KEGKEROGLOY_BASILEIOS_1225000_2018.pdf,1225000
1077884,ΚΕΔΙΚΟΓΛΟΥ,Σίμος,Κεδίκογλου,New Democracy,ΝΕΑ ΔΗΜΟΚΡΑΤΙΑ,http://www.hellenicparliament.gr/userfiles/pothen/xrhsh2017_etos2018/KEDIKOGLOY_SYMEON_1077884_2018.pdf,1077884
1293959,ΚΕΛΛΑΣ,Χρήστος,Κέλλας,New Democracy,ΝΕΑ ΔΗΜΟΚΡΑΤΙΑ,http://www.hellenicparliament.gr/userfiles/pothen/xrhsh2017_etos2018/KELLAS_CHRISTOS_1293959_2018.pdf,1293959
1320694,ΚΕΡΑΜΕΩΣ,Νίκη,Κεραμέως,New Democracy,ΝΕΑ ΔΗΜΟΚΡΑΤΙΑ,http://www.hellenicparliament.gr/userfiles/pothen/xrhsh2017_etos2018/KERAMEOS_NIKI_1320694_2018.pdf,1320694
1316356,ΚΕΦΑΛΙΔΟΥ,Χαρά,Κεφαλίδου,Democratic coalition (PASOK),ΔΗΜΟΚΡΑΤΙΚΗ ΣΥΜΠΑΡΑΤΑΞΗ,http://www.hellenicparliament.gr/userfiles/pothen/xrhsh2017_etos2018/KEFALIDOY_CHAROYLA_1316356_2018.pdf,1316356
973792,ΚΕΦΑΛΟΓΙΑΝΝΗ,Όλγα,Κεφαλογιάννη,New Democracy,ΝΕΑ ΔΗΜΟΚΡΑΤΙΑ,http://www.hellenicparliament.gr/userfiles/pothen/xrhsh2017_etos2018/KEFALOGIANNI_OLGA_973792_2018.pdf,973792
1240102,ΚΕΦΑΛΟΓΙΑΝΝΗΣ,Γιάννης,Κεφαλογιάννης,New Democracy,ΝΕΑ ΔΗΜΟΚΡΑΤΙΑ,https://www.hellenicparliament.gr/userfiles/pothen/xrhsh2017_etos2018/KEFALOGIANNIS_IOANNIS_1276865_2018.pdf,1240102
1081701,ΚΙΚΙΛΙΑΣ,Βασίλης,Κικίλιας,New Democracy,ΝΕΑ ΔΗΜΟΚΡΑΤΙΑ,http://www.hellenicparliament.gr/userfiles/pothen/xrhsh2017_etos2018/KIKILIAS_BASILEIOS_1081701_2018.pdf,1081701
1114235,ΚΟΖΟΜΠΟΛΗ,Κοζομπόλη,Παναγιώτα,Syriza,ΣΥΡΙΖΑ ,https://www.hellenicparliament.gr/userfiles/pothen/xrhsh2017_etos2018/KOZOMPOLI_PANAGIOTA_1317530_2018.pdf,1114235
1198055,ΚΟΚΚΑΛΗΣ,Βασίλης,Κόκκαλης,Independent,ΑΝΕΞΑΡΤΗΤΟΙ,http://www.hellenicparliament.gr/userfiles/pothen/xrhsh2017_etos2018/KOKKALIS_BASIL_1198055_2018.pdf,1198055
1192178,ΚΟΛΛΙΑ-ΤΣΑΡΟΥΧΑ,Μαρία,Κόλλια-Τσαρουχά,Independent,ΑΝΕΞΑΡΤΗΤΟΙ,https://www.hellenicparliament.gr/userfiles/pothen/xrhsh2017_etos2018/KOLLIA_MARIA_1188641_2018.pdf,1192178
1083617,ΚΟΝΣΟΛΑΣ,Μάνος,Κόνσολας,New Democracy,ΝΕΑ ΔΗΜΟΚΡΑΤΙΑ,http://www.hellenicparliament.gr/userfiles/pothen/xrhsh2017_etos2018/KONSOLAS_EMMANOYIL_1083617_2018.pdf,1083617
823086,ΚΟΝΤΟΓΕΩΡΓΟΣ,Κώστας,Κοντογεώργος,New Democracy,ΝΕΑ ΔΗΜΟΚΡΑΤΙΑ,http://www.hellenicparliament.gr/userfiles/pothen/xrhsh2017_etos2018/KONTOGEORGOS_KONSTANTINOS_823086_2018.pdf,823086
1294009,ΚΟΝΤΟΝΗΣ,Κοντονής,Σταύρος,Syriza,ΣΥΡΙΖΑ ,https://www.hellenicparliament.gr/userfiles/pothen/xrhsh2017_etos2018/KONTONIS_STAYR_1308397_2018.pdf,1294009
1022907,ΚΟΤΖΙΑΣ,Κοτζιάς,Νίκος,Syriza,ΣΥΡΙΖΑ ,http://www.hellenicparliament.gr/userfiles/pothen/xrhsh2017_etos2018/KOTZIAS_NIKOL_1022907_2018.pdf,1022907
1027352,ΚΟΥΖΗΛΟΣ,Νίκος,Κούζηλος,Popular link - Golden Dawn,ΧΡΥΣΗ ΑΥΓΗ,http://www.hellenicparliament.gr/userfiles/pothen/xrhsh2017_etos2018/KOYZILOS_NIKOLAOS_1027352_2018.pdf,1027352
997346,ΚΟΥΙΚ,Τέρενς,Κουίκ,Independent,ΑΝΕΞΑΡΤΗΤΟΙ,http://www.hellenicparliament.gr/userfiles/pothen/xrhsh2017_etos2018/KOYIK_TERENS-SPENS_997346_2018.pdf,997346
1321301,ΚΟΥΚΟΔΗΜΟΣ,Κώστας,Κουκοδήμος,New Democracy,ΝΕΑ ΔΗΜΟΚΡΑΤΙΑ,http://www.hellenicparliament.gr/userfiles/pothen/xrhsh2017_etos2018/KOYKODIMOS_KONSTANTINOS_1321301_2018.pdf,1321301
1281568,ΚΟΥΚΟΥΤΣΗΣ,Δημήτρης,Κουκούτσης,Independent,ΑΝΕΞΑΡΤΗΤΟΙ,http://www.hellenicparliament.gr/userfiles/pothen/xrhsh2017_etos2018/KOYKOYTSIS_DIMITRIOS_1281568_2018.pdf,1281568
1187077,ΚΟΥΜΟΥΤΣΑΚΟΣ,Γιώργος,Κουμουτσάκος,New Democracy,ΝΕΑ ΔΗΜΟΚΡΑΤΙΑ,http://www.hellenicparliament.gr/userfiles/pothen/xrhsh2017_etos2018/KOYMOYTSAKOS_GEORGIOS_1187077_2018.pdf,1187077
1004840,ΚΟΥΝΤΟΥΡΑ,Έλενα,Κουντουρά,Independent,ΑΝΕΞΑΡΤΗΤΟΙ,http://www.hellenicparliament.gr/userfiles/pothen/xrhsh2017_etos2018/KOYNTOYRA_ELENA_1004840_2018.pdf,1004840
1296663,ΚΟΥΡΑΚΗΣ,Κουράκης,Τάσος,Syriza,ΣΥΡΙΖΑ ,http://www.hellenicparliament.gr/userfiles/pothen/xrhsh2017_etos2018/KOYRAKIS_ANASTASIOS_1296663_2018.pdf,1296663
1230816,ΚΟΥΡΟΥΜΠΛΗΣ,Κουρουμπλής,Παναγιώτης,Syriza,ΣΥΡΙΖΑ ,http://www.hellenicparliament.gr/userfiles/pothen/xrhsh2017_etos2018/KOYROYMPLIS_PANAGIOTIS_1230816_2018.pdf,1230816
984378,ΚΟΥΤΣΟΥΚΟΣ,Γιάννης,Κουτσούκος,Democratic coalition (PASOK),ΔΗΜΟΚΡΑΤΙΚΗ ΣΥΜΠΑΡΑΤΑΞΗ,http://www.hellenicparliament.gr/userfiles/pothen/xrhsh2017_etos2018/KOYTSOYKOS_IOANNIS_984378_2018.pdf,984378
1052257,ΚΟΥΤΣΟΥΜΠΑΣ,Ανδρέας,Κουτσούμπας,New Democracy,ΝΕΑ ΔΗΜΟΚΡΑΤΙΑ,http://www.hellenicparliament.gr/userfiles/pothen/xrhsh2017_etos2018/KOYTSOYMPAS_ANDREAS_1052257_2018.pdf,1052257
1052257,ΚΟΥΤΣΟΥΜΠΑΣ,Δημήτρης,Κουτσούμπας,Greek Communist Party,Κομμουνιστικό Κόμμα Ελλάδας,https://www.hellenicparliament.gr/userfiles/pothen/xrhsh2017_etos2018/KOYTSOYMPAS_DIMITRIOS_1182063_2018.pdf,1052257
1175890,ΚΡΕΜΑΣΤΙΝΟΣ,Δημήτρης,Κρεμαστινός,Democratic coalition (PASOK),ΔΗΜΟΚΡΑΤΙΚΗ ΣΥΜΠΑΡΑΤΑΞΗ,http://www.hellenicparliament.gr/userfiles/pothen/xrhsh2017_etos2018/KREMASTINOS_DIMITR_1175890_2018.pdf,1175890
1214529,ΚΥΡΙΑΖΙΔΗΣ,Δημήτρης,Κυριαζίδης,New Democracy,ΝΕΑ ΔΗΜΟΚΡΑΤΙΑ,http://www.hellenicparliament.gr/userfiles/pothen/xrhsh2017_etos2018/KYRIAZIDIS_DIMITRIOS_1214529_2018.pdf,1214529
1058707,ΚΥΡΙΤΣΗΣ,Κυρίτσης,Γιώργος,Syriza,ΣΥΡΙΖΑ ,https://www.hellenicparliament.gr/userfiles/pothen/xrhsh2017_etos2018/KYRITSIS_GEORGIOS_1303750_2018.pdf,1058707
1037793,ΚΩΝΣΤΑΝΤΙΝΕΑΣ,Κωνσταντινέας,Πέτρος,Syriza,ΣΥΡΙΖΑ ,https://www.hellenicparliament.gr/userfiles/pothen/xrhsh2017_etos2018/KONSTANTINEAS_PETROS_1205572_2018.pdf,1037793
1292192,ΚΩΝΣΤΑΝΤΙΝΟΠΟΥΛΟΣ,Οδυσσέας,Κωνσταντινόπουλος,Democratic coalition (PASOK),ΔΗΜΟΚΡΑΤΙΚΗ ΣΥΜΠΑΡΑΤΑΞΗ,http://www.hellenicparliament.gr/userfiles/pothen/xrhsh2017_etos2018/KONSTANTINOPOYLOS_ODYSSEYS_1292192_2018.pdf,1292192
1139358,ΚΩΝΣΤΑΝΤΟΠΟΥΛΟΣ,Δημήτρης,Κωνσταντόπουλος,Democratic coalition (PASOK),ΔΗΜΟΚΡΑΤΙΚΗ ΣΥΜΠΑΡΑΤΑΞΗ,http://www.hellenicparliament.gr/userfiles/pothen/xrhsh2017_etos2018/KONSTANTOPOYLOS_DIMITRIOS_1139358_2018.pdf,1139358
1282012,ΚΩΣΤΟΠΑΝΑΓΙΩΤΟΥ,Κωστοπαναγιώτου,Ηλίας,Syriza,ΣΥΡΙΖΑ ,http://www.hellenicparliament.gr/userfiles/pothen/xrhsh2017_etos2018/KOSTOPANAGIOTOY_ILIAS_1282012_2018.pdf,1282012
1305804,ΛΑΓΟΣ,Γιάννης,Λαγός,Popular link - Golden Dawn,ΧΡΥΣΗ ΑΥΓΗ,http://www.hellenicparliament.gr/userfiles/pothen/xrhsh2017_etos2018/LAGOS_IOANNIS_1305804_2018.pdf,1305804
1324961,ΛΑΖΑΡΙΔΗΣ,Γιώργος,Λαζαρίδης,New Democracy,ΝΕΑ ΔΗΜΟΚΡΑΤΙΑ,http://www.hellenicparliament.gr/userfiles/pothen/xrhsh2017_etos2018/LAZARIDIS_GEORGIOS_1324961_2018.pdf,1324961
1058573,ΛΑΜΠΡΟΥΛΗΣ,Γιώργος,Λαμπρούλης,Greek Communist Party,Κομμουνιστικό Κόμμα Ελλάδας,http://www.hellenicparliament.gr/userfiles/pothen/xrhsh2017_etos2018/LAMPROYLIS_GEORGIOS_1058573_2018.pdf,1058573
1058707,ΛΑΠΠΑΣ,Λάππας,Σπύρος,Syriza,ΣΥΡΙΖΑ ,https://www.hellenicparliament.gr/userfiles/pothen/xrhsh2017_etos2018/LAPPAS_SPYRIDON_1044009_2018.pdf,1058707
1285226,ΛΕΒΕΝΤΗΣ,Βασίλης,Λεβέντης,Independent,ΑΝΕΞΑΡΤΗΤΟΙ,http://www.hellenicparliament.gr/userfiles/pothen/xrhsh2017_etos2018/LEBENTIS_BASILEIOS_1285226_2018.pdf,1285226
1298605,ΛΙΒΑΝΙΟΥ,Λιβανίου,Ζωή,Syriza,ΣΥΡΙΖΑ ,https://www.hellenicparliament.gr/userfiles/pothen/xrhsh2017_etos2018/LIBANIOY_ZOI_1158017_2018.pdf,1298605
1113933,ΛΟΒΕΡΔΟΣ,Ανδρέας,Λοβέρδος,Democratic coalition (PASOK),ΔΗΜΟΚΡΑΤΙΚΗ ΣΥΜΠΑΡΑΤΑΞΗ,http://www.hellenicparliament.gr/userfiles/pothen/xrhsh2017_etos2018/LOBERDOS_ANDR_1113933_2018.pdf,1113933
1183734,ΛΥΚΟΥΔΗΣ,Σπύρος,Λυκούδης,The River ,ΤΟ ΠΟΤΑΜΙ,http://www.hellenicparliament.gr/userfiles/pothen/xrhsh2017_etos2018/LYKOYDIS_SPYRIDON_1183734_2018.pdf,1183734
1313106,ΛΥΜΠΕΡΑΚΗ,Αντιγόνη,Λυμπεράκη,The River ,ΤΟ ΠΟΤΑΜΙ,http://www.hellenicparliament.gr/userfiles/pothen/xrhsh2017_etos2018/LYMPERAKI_ANTIGONI_1313106_2018.pdf,1313106
1160028,ΜΑΝΙΑΤΗΣ,Γιάννης,Μανιάτης,Democratic coalition (PASOK),ΔΗΜΟΚΡΑΤΙΚΗ ΣΥΜΠΑΡΑΤΑΞΗ,http://www.hellenicparliament.gr/userfiles/pothen/xrhsh2017_etos2018/MANIATIS_IOANNIS_1160028_2018.pdf,1160028
1318534,ΜΑΝΙΟΣ,Μανιός,Νίκος,Syriza,ΣΥΡΙΖΑ ,http://www.hellenicparliament.gr/userfiles/pothen/xrhsh2017_etos2018/MANIOS_NIKOLAOS_1318534_2018.pdf,1318534
1298605,ΜΑΝΤΑΣ,Μαντάς,Χρήστος,Syriza,ΣΥΡΙΖΑ ,https://www.hellenicparliament.gr/userfiles/pothen/xrhsh2017_etos2018/MANTAS_CHRISTOS_1228400_2018.pdf,1298605
1059185,ΜΑΝΩΛΑΚΟΥ,Διαμάντω,Μανωλάκου,Greek Communist Party,Κομμουνιστικό Κόμμα Ελλάδας,http://www.hellenicparliament.gr/userfiles/pothen/xrhsh2017_etos2018/MANOLAKOY_DIAMANTO_1059185_2018.pdf,1059185
1076880,ΜΑΡΔΑΣ,Μάρδας,Δημήτρης,Syriza,ΣΥΡΙΖΑ ,https://www.hellenicparliament.gr/userfiles/pothen/xrhsh2017_etos2018/MARDAS_DIMITRIOS_1014267_2018.pdf,1076880
961484,ΜΑΡΤΙΝΟΥ,Γεωργία,Μαρτίνου,New Democracy,ΝΕΑ ΔΗΜΟΚΡΑΤΙΑ,http://www.hellenicparliament.gr/userfiles/pothen/xrhsh2017_etos2018/MARTINOY_GEORGIA_961484_2018.pdf,961484
1090139,ΜΑΥΡΩΤΑΣ,Γιώργος,Μαυρωτάς,The River ,ΤΟ ΠΟΤΑΜΙ,http://www.hellenicparliament.gr/userfiles/pothen/xrhsh2017_etos2018/MAYROTAS_GEORGIOS_1090139_2018.pdf,1090139
1155932,ΜΕΓΑΛΟΜΥΣΤΑΚΑΣ,Αναστάσιος,Μεγαλομύστακας,Independent,ΑΝΕΞΑΡΤΗΤΟΙ,http://www.hellenicparliament.gr/userfiles/pothen/xrhsh2017_etos2018/MEGALOMYSTAKAS_ANASTASIOS_1155932_2018.pdf,1155932
1289544,ΜΕΓΑΛΟΟΙΚΟΝΟΜΟΥ,Θεοδώρα,Μεγαλοοικονόμου,Independent,ΑΝΕΞΑΡΤΗΤΟΙ,http://www.hellenicparliament.gr/userfiles/pothen/xrhsh2017_etos2018/MEGALOOIKONOMOY_THEODORA_1289544_2018.pdf,1289544
1076880,ΜΕΪΚΟΠΟΥΛΟΣ,Μεϊκόπουλος,Αλέξανδρος,Syriza,ΣΥΡΙΖΑ ,https://www.hellenicparliament.gr/userfiles/pothen/xrhsh2017_etos2018/MEIKOPOYLOS_ALEXANDROS_1076880_2018.pdf,1076880
985081,ΜΗΤΑΡΑΚΗΣ,Νότης,Μηταράκης,New Democracy,ΝΕΑ ΔΗΜΟΚΡΑΤΙΑ,http://www.hellenicparliament.gr/userfiles/pothen/xrhsh2017_etos2018/MITARAKIS_PANAG_985081_2018.pdf,985081
1142660,ΜΗΤΑΦΙΔΗΣ,Μηταφίδης,Τριαντάφυλλος,Syriza,ΣΥΡΙΖΑ ,http://www.hellenicparliament.gr/userfiles/pothen/xrhsh2017_etos2018/MITAFIDIS_TRIANTAFYLLOS_1142660_2018.pdf,1142660
1226432,ΜΗΤΣΟΤΑΚΗΣ,Κυριάκος,Μητσοτάκης,New Democracy,ΝΕΑ ΔΗΜΟΚΡΑΤΙΑ,http://www.hellenicparliament.gr/userfiles/pothen/xrhsh2017_etos2018/MITSOTAKIS_KYRIAKOS_1226432_2018.pdf,1226432
1294009,ΜΙΧΑΗΛΙΔΗΣ,Μιχαηλίδης,Ανδρέας,Syriza,ΣΥΡΙΖΑ ,https://www.hellenicparliament.gr/userfiles/pothen/xrhsh2017_etos2018/MICHAILIDIS_ANDREAS_1294009_2018.pdf,1294009
1318980,ΜΙΧΑΛΟΛΙΑΚΟΣ,Νίκος,Μιχαλολιάκος,Popular link - Golden Dawn,ΧΡΥΣΗ ΑΥΓΗ,http://www.hellenicparliament.gr/userfiles/pothen/xrhsh2017_etos2018/MICHALOLIAKOS_NIKOLAOS_1318980_2018.pdf,1318980
1212594,ΜΙΧΕΛΗΣ,Μιχελής,Θανάσης,Syriza,ΣΥΡΙΖΑ ,http://www.hellenicparliament.gr/userfiles/pothen/xrhsh2017_etos2018/MICHELIS_ATHANASIOS_1212594_2018.pdf,1212594
1192178,ΜΙΧΕΛΟΓΙΑΝΝΑΚΗΣ,Μιχελογιαννάκης,Γιάννης,Syriza,ΣΥΡΙΖΑ ,https://www.hellenicparliament.gr/userfiles/pothen/xrhsh2017_etos2018/MICHELOGIANNAKIS_IOANNIS_1179723_2018.pdf,1192178
1312437,ΜΙΧΟΣ,Νίκος,Μίχος,Independent,ΑΝΕΞΑΡΤΗΤΟΙ,http://www.hellenicparliament.gr/userfiles/pothen/xrhsh2017_etos2018/MICHOS_NIKOLAOS_1312437_2018.pdf,1312437
1053151,ΜΟΡΦΙΔΗΣ,Μορφίδης,Κώστας,Syriza,ΣΥΡΙΖΑ ,https://www.hellenicparliament.gr/userfiles/pothen/xrhsh2017_etos2018/MORFIDIS_KONSTANTINOS_1170382_2018.pdf,1053151
1255857,ΜΟΥΜΟΥΛΙΔΗΣ,Μουμουλίδης,Θεμιστοκλής,Syriza,ΣΥΡΙΖΑ ,https://www.hellenicparliament.gr/userfiles/pothen/xrhsh2017_etos2018/MOYMOYLIDIS_THEMISTOKLIS_1322128_2018.pdf,1255857
1195658,ΜΟΥΣΤΑΦΑ,Μουσταφά,Μουσταφά,Syriza,ΣΥΡΙΖΑ ,http://www.hellenicparliament.gr/userfiles/pothen/xrhsh2017_etos2018/MOYSTAFA_MOYSTAFA_1195658_2018.pdf,1195658
1304996,ΜΠΑΚΟΓΙΑΝΝΗ,Ντόρα,Μπακογιάννη,New Democracy,ΝΕΑ ΔΗΜΟΚΡΑΤΙΑ,http://www.hellenicparliament.gr/userfiles/pothen/xrhsh2017_etos2018/MPAKOGIANNI_THEODORA_1304996_2018.pdf,1304996
1053151,ΜΠΑΛΑΟΥΡΑΣ,Μπαλαούρας,Μάκης,Syriza,ΣΥΡΙΖΑ ,https://www.hellenicparliament.gr/userfiles/pothen/xrhsh2017_etos2018/MPALAOYRAS_GERASIMOS_1304476_2018.pdf,1053151
1141342,ΜΠΑΛΑΦΑΣ,Μπαλάφας,Γιάννης,Syriza,ΣΥΡΙΖΑ ,https://www.hellenicparliament.gr/userfiles/pothen/xrhsh2017_etos2018/MPALAFAS_IOANNIS_1314861_2018.pdf,1141342
1298605,ΜΠΑΛΛΗΣ,Μπαλλής,Συμεών,Syriza,ΣΥΡΙΖΑ ,https://www.hellenicparliament.gr/userfiles/pothen/xrhsh2017_etos2018/MPALLIS_SYMEON_1069389_2018.pdf,1298605
1223814,ΜΠΑΛΤΑΣ,Μπαλτάς,Αριστείδης,Syriza,ΣΥΡΙΖΑ ,http://www.hellenicparliament.gr/userfiles/pothen/xrhsh2017_etos2018/MPALTAS_ARIST_1223814_2018.pdf,1223814
1223414,ΜΠΑΛΩΜΕΝΑΚΗΣ,Μπαλωμενάκης,Αντώνης,Syriza,ΣΥΡΙΖΑ ,http://www.hellenicparliament.gr/userfiles/pothen/xrhsh2017_etos2018/MPALOMENAKIS_ANTONIOS_1223414_2018.pdf,1223414
1037793,ΜΠΑΞΕΒΑΝΑΚΗΣ,Μπαξεβανάκης,Δημήτρης,Syriza,ΣΥΡΙΖΑ ,https://www.hellenicparliament.gr/userfiles/pothen/xrhsh2017_etos2018/MPAXEBANAKIS_DIMITRIOS_1069903_2018.pdf,1037793
1244972,ΜΠΑΡΓΙΩΤΑΣ,Κωνσταντίνος,Μπαργιώτας,Democratic coalition (PASOK),ΔΗΜΟΚΡΑΤΙΚΗ ΣΥΜΠΑΡΑΤΑΞΗ,http://www.hellenicparliament.gr/userfiles/pothen/xrhsh2017_etos2018/MPARGIOTAS_KONSTANTINOS_1244972_2018.pdf,1244972
1134778,ΜΠΑΡΚΑΣ,Μπάρκας,Κώστας,Syriza,ΣΥΡΙΖΑ ,http://www.hellenicparliament.gr/userfiles/pothen/xrhsh2017_etos2018/MPARKAS_KONSTANTINOS_1134778_2018.pdf,1134778
1245632,ΜΠΑΡΜΠΑΡΟΥΣΗΣ,Κωνσταντίνος,Μπαρμπαρούσης,Popular link - Golden Dawn,ΧΡΥΣΗ ΑΥΓΗ,http://www.hellenicparliament.gr/userfiles/pothen/xrhsh2017_etos2018/MPARMPAROYSIS_KONSTANTINOS_1245632_2018.pdf,1245632
1153683,ΜΠΓΙΑΛΑΣ,Μπγιάλας,Χρήστος,Syriza,ΣΥΡΙΖΑ ,http://www.hellenicparliament.gr/userfiles/pothen/xrhsh2017_etos2018/MPGIALAS_CHRISTOS_1153683_2018.pdf,1153683
1188982,ΜΠΟΛΑΡΗΣ,Μπόλαρης,Μάρκος,Syriza,ΣΥΡΙΖΑ ,http://www.hellenicparliament.gr/userfiles/pothen/xrhsh2017_etos2018/MPOLARIS_MARKOS_1188982_2018.pdf,1188982
1314550,ΜΠΟΥΚΩΡΟΣ,Χρήστος,Μπουκώρος,New Democracy,ΝΕΑ ΔΗΜΟΚΡΑΤΙΑ,http://www.hellenicparliament.gr/userfiles/pothen/xrhsh2017_etos2018/MPOYKOROS_CHRISTOS_1314550_2018.pdf,1314550
1270100,ΜΠΟΥΡΑΣ,Θανάσης,Μπούρας,New Democracy,ΝΕΑ ΔΗΜΟΚΡΑΤΙΑ,http://www.hellenicparliament.gr/userfiles/pothen/xrhsh2017_etos2018/MPOYRAS_ATHANASIOS_1270100_2018.pdf,1270100
1058707,ΜΩΡΑΪΤΗΣ,Νίκος,Μωραΐτης,Greek Communist Party,Κομμουνιστικό Κόμμα Ελλάδας,https://www.hellenicparliament.gr/userfiles/pothen/xrhsh2017_etos2018/MORAITIS_NIKOLAOS_1058707_2018.pdf,1058707
1312948,ΝΙΚΟΛΟΠΟΥΛΟΣ,Νίκος,Νικολόπουλος,Independent,ΑΝΕΞΑΡΤΗΤΟΙ,http://www.hellenicparliament.gr/userfiles/pothen/xrhsh2017_etos2018/NIKOLOPOYLOS_NIKOLAOS_1312948_2018.pdf,1312948
1169019,ΝΤΖΙΜΑΝΗΣ,Ντζιμάνης,Γιώργος,Syriza,ΣΥΡΙΖΑ ,http://www.hellenicparliament.gr/userfiles/pothen/xrhsh2017_etos2018/NTZIMANIS_GEORG_1169019_2018.pdf,1169019
1313044,MΑΡΚΟΥ,ΑΙΚΑΤΕΡΙΝΗ,Aικατερινη,New Democracy,ΝΕΑ ΔΗΜΟΚΡΑΤΙΑ,https://www.hellenicparliament.gr/userfiles/pothen/xrhsh2017_etos2018/MARKOY_AIKATERINI_1313044_2018.pdf,1313044
1005429,ΞΑΝΘΟΣ,Ξανθός,Ανδρέας,Syriza,ΣΥΡΙΖΑ ,http://www.hellenicparliament.gr/userfiles/pothen/xrhsh2017_etos2018/XANTHOS_ANDREAS_1005429_2018.pdf,1005429
1166044,ΞΥΔΑΚΗΣ,Ξυδάκης,Νίκος,Syriza,ΣΥΡΙΖΑ ,https://www.hellenicparliament.gr/userfiles/pothen/xrhsh2017_etos2018/XYDAKIS_NIKOLAOS_1294357_2018.pdf,1166044
1186833,ΟΙΚΟΝΟΜΟΥ,Βασίλης,Οικονόμου,New Democracy,ΝΕΑ ΔΗΜΟΚΡΑΤΙΑ,http://www.hellenicparliament.gr/userfiles/pothen/xrhsh2017_etos2018/OIKONOMOY_BASILEIOS_1186833_2018.pdf,1186833
1058707,ΟΥΡΣΟΥΖΙΔΗΣ,Ουρσουζίδης,Γιώργος,Syriza,ΣΥΡΙΖΑ ,https://www.hellenicparliament.gr/userfiles/pothen/xrhsh2017_etos2018/OYRSOYZIDIS_GEORGIOS_1305633_2018.pdf,1058707
1307619,ΠΑΛΛΗΣ,Πάλλης,Γιώργος,Syriza,ΣΥΡΙΖΑ ,http://www.hellenicparliament.gr/userfiles/pothen/xrhsh2017_etos2018/PALLIS_GEORGIOS_1307619_2018.pdf,1307619
1187376,ΠΑΝΑΓΙΩΤΑΡΟΣ,Ηλίας,Παναγιώταρος,Popular link - Golden Dawn,ΧΡΥΣΗ ΑΥΓΗ,http://www.hellenicparliament.gr/userfiles/pothen/xrhsh2017_etos2018/PANAGIOTAROS_ILIAS_1187376_2018.pdf,1187376
,ΠΑΝΑΓΙΩΤΟΠΟΥΛΟΣ,Πάνος,Παναγιωτόπουλος,New Democracy,ΝΕΑ ΔΗΜΟΚΡΑΤΙΑ,,
1185662,ΠΑΝΑΓΙΩΤΟΠΟΥΛΟΣ,Νίκος,Παναγιωτόπουλος,New Democracy,ΝΕΑ ΔΗΜΟΚΡΑΤΙΑ,https://www.hellenicparliament.gr/userfiles/pothen/xrhsh2017_etos2018/PANAGIOTOPOYLOS_NIKOLAOS_1192591_2018.pdf,1185662
1211811,ΠΑΝΑΓΟΥΛΗΣ,Στάθης,Παναγούλης,Independent,ΑΝΕΞΑΡΤΗΤΟΙ,http://www.hellenicparliament.gr/userfiles/pothen/xrhsh2017_etos2018/PANAGOYLIS_EYSTATHIOS_1211811_2018.pdf,1211811
1310474,ΠΑΝΤΖΑΣ,Πάντζας,Γιώργος,Syriza,ΣΥΡΙΖΑ ,http://www.hellenicparliament.gr/userfiles/pothen/xrhsh2017_etos2018/PANTZAS_GEORGIOS_1310474_2018.pdf,1310474
1076880,ΠΑΠΑΔΟΠΟΥΛΟΣ,Παπαδόπουλος,Χριστόφορος,Syriza,ΣΥΡΙΖΑ ,https://www.hellenicparliament.gr/userfiles/pothen/xrhsh2017_etos2018/PAPADOPOYLOS_CHRISTOFOROS_1005852_2018.pdf,1076880
1299854,ΠΑΠΑΔΟΠΟΥΛΟΣ,Παπαδόπουλος,Νίκος,Syriza,ΣΥΡΙΖΑ ,https://www.hellenicparliament.gr/userfiles/pothen/xrhsh2017_etos2018/PAPADOPOYLOS_NIKOLAOS_1175014_2018.pdf,1299854
1037793,ΠΑΠΑΔΟΠΟΥΛΟΣ,Παπαδόπουλος,Σάκης,Syriza,ΣΥΡΙΖΑ ,https://www.hellenicparliament.gr/userfiles/pothen/xrhsh2017_etos2018/PAPADOPOYLOS_ATHANASIOS_1299854_2018.pdf,1037793
1301029,ΠΑΠΑΗΛΙΟΥ,Παπαηλιού,Γιώργος,Syriza,ΣΥΡΙΖΑ ,https://www.hellenicparliament.gr/userfiles/pothen/xrhsh2017_etos2018/PAPAILIOY_GEORGIOS_1199058_2018.pdf,1301029
1027274,ΠΑΠΑΘΕΟΔΩΡΟΥ,Θεόδωρος,Παπαθεοδώρου,Democratic coalition (PASOK),ΔΗΜΟΚΡΑΤΙΚΗ ΣΥΜΠΑΡΑΤΑΞΗ,http://www.hellenicparliament.gr/userfiles/pothen/xrhsh2017_etos2018/PAPATHEODOROY_THEODOR_1027274_2018.pdf,1027274
1197170,ΠΑΠΑΚΩΣΤΑ,Κατερίνα,Παπακώστα,Independent,ΑΝΕΞΑΡΤΗΤΟΙ,https://www.hellenicparliament.gr/userfiles/pothen/xrhsh2017_etos2018/SIDIROPOYLOY-PAPAKOSTA_AIKATERINI_1197170_2018.pdf,1197170
1298605,ΠΑΠΑΝΑΤΣΙΟΥ,Παπανάτσιου,Κατερίνα,Syriza,ΣΥΡΙΖΑ ,https://www.hellenicparliament.gr/userfiles/pothen/xrhsh2017_etos2018/PAPANATSIOY_AIKAT_1158486_2018.pdf,1298605
1059861,ΠΑΠΑΡΗΓΑ,Αλέκα,Παπαρήγα,Greek Communist Party,Κομμουνιστικό Κόμμα Ελλάδας,http://www.hellenicparliament.gr/userfiles/pothen/xrhsh2017_etos2018/PAPARIGA_ALEXANDRA_1059861_2018.pdf,1059861
1298552,ΠΑΠΑΣ,Παπάς,Νίκος,Syriza,ΣΥΡΙΖΑ ,https://www.hellenicparliament.gr/userfiles/pothen/xrhsh2017_etos2018/PAPPAS_NIKOLAOS_1298552_2018.pdf,1298552
1255857,ΠΑΠΑΦΙΛΙΠΠΟΥ,Παπαφιλίππου,Γιώργος,Syriza,ΣΥΡΙΖΑ ,https://www.hellenicparliament.gr/userfiles/pothen/xrhsh2017_etos2018/PAPAFILIPPOY_GEORGIOS_1291200_2018.pdf,1255857
1118355,ΠΑΠΠΑΣ,Χρήστος,Παππάς,Popular link - Golden Dawn,ΧΡΥΣΗ ΑΥΓΗ,?,1118355
1097993,ΠΑΡΑΣΚΕΥΟΠΟΥΛΟΣ,Παρασκευόπουλος,Νίκος,Syriza,ΣΥΡΙΖΑ ,http://www.hellenicparliament.gr/userfiles/pothen/xrhsh2017_etos2018/PARASKEYOPOYLOS_NIKOLAOS_1097993_2018.pdf,1097993
1037793,ΠΑΡΑΣΤΑΤΙΔΗΣ,Παραστατίδης,Θεόδωρος,Syriza,ΣΥΡΙΖΑ ,https://www.hellenicparliament.gr/userfiles/pothen/xrhsh2017_etos2018/PARASTATIDIS_THEODOROS_1116372_2018.pdf,1037793
1294009,ΠΑΥΛΙΔΗΣ,Παυλίδης,Κώστας,Syriza,ΣΥΡΙΖΑ ,https://www.hellenicparliament.gr/userfiles/pothen/xrhsh2017_etos2018/PAYLIDIS_KONSTANTINOS_1047230_2018.pdf,1294009
1183637,ΠΑΦΙΛΗΣ,Θανάσης,Παφίλης,Greek Communist Party,Κομμουνιστικό Κόμμα Ελλάδας,http://www.hellenicparliament.gr/userfiles/pothen/xrhsh2017_etos2018/PAFILIS_ATHANASIOS_1183637_2018.pdf,1183637
1312674,ΠΛΑΚΙΩΤΑΚΗΣ,Γιάννης,Πλακιωτάκης,New Democracy,ΝΕΑ ΔΗΜΟΚΡΑΤΙΑ,http://www.hellenicparliament.gr/userfiles/pothen/xrhsh2017_etos2018/PLAKIOTAKIS_IOANNIS_1312674_2018.pdf,1312674
1051012,ΠΟΛΑΚΗΣ,Πολάκης,Παύλος,Syriza,ΣΥΡΙΖΑ ,http://www.hellenicparliament.gr/userfiles/pothen/xrhsh2017_etos2018/POLAKIS_PAYLOS_1051012_2018.pdf,1051012
1298605,ΠΡΑΤΣΟΛΗΣ,Πρατσόλης,Τάσος,Syriza,ΣΥΡΙΖΑ ,https://www.hellenicparliament.gr/userfiles/pothen/xrhsh2017_etos2018/PRATSOLIS_ANASTASIOS_1151944_2018.pdf,1298605
,ΡΑΠΤΗ,Ζωή,Ράπτη,New Democracy,ΝΕΑ ΔΗΜΟΚΡΑΤΙΑ,,
1083673,ΡΑΠΤΗ,Έλενα,Ράπτη,New Democracy,ΝΕΑ ΔΗΜΟΚΡΑΤΙΑ,http://www.hellenicparliament.gr/userfiles/pothen/xrhsh2017_etos2018/RAPTI_ELENI_1083673_2018.pdf,1083673
1166044,ΡΙΖΟΣ,Ρίζος,Δημήτρης,Syriza,ΣΥΡΙΖΑ ,https://www.hellenicparliament.gr/userfiles/pothen/xrhsh2017_etos2018/RIZOS_DIMITRIOS_1156680_2018.pdf,1166044
1321504,ΡΙΖΟΥΛΗΣ,Ριζούλης,Ανδρέας,Syriza,ΣΥΡΙΖΑ ,http://www.hellenicparliament.gr/userfiles/pothen/xrhsh2017_etos2018/RIZOYLIS_ANDREAS_1321504_2018.pdf,1321504
1224937,ΣΑΛΜΑΣ,Μάριος,Σαλμάς,New Democracy,ΝΕΑ ΔΗΜΟΚΡΑΤΙΑ,http://www.hellenicparliament.gr/userfiles/pothen/xrhsh2017_etos2018/SALMAS_MARIOS_1224937_2018.pdf,1224937
1314471,ΣΑΜΑΡΑΣ,Αντώνης,Σαμαράς,New Democracy,ΝΕΑ ΔΗΜΟΚΡΑΤΙΑ,http://www.hellenicparliament.gr/userfiles/pothen/xrhsh2017_etos2018/SAMARAS_ANTONIOS_1314471_2018.pdf,1314471
1200826,ΣΑΝΤΟΡΙΝΙΟΣ,Σαντορινιός,Νεκτάριος,Syriza,ΣΥΡΙΖΑ ,http://www.hellenicparliament.gr/userfiles/pothen/xrhsh2017_etos2018/SANTORINIOS_NEKTARIOS_1200826_2018.pdf,1200826
1301029,ΣΑΡΑΚΙΩΤΗΣ,Σαρακιώτης,Γιάννης,Syriza,ΣΥΡΙΖΑ ,http://www.hellenicparliament.gr/userfiles/pothen/xrhsh2017_etos2018/SARAKIOTIS_IOANNIS_1301029_2018.pdf,1301029
,ΣΑΡΙΔΗΣ,Γιάννης,Σαρίδης,Independent,ΑΝΕΞΑΡΤΗΤΟΙ,,
1185643,ΣΑΧΙΝΙΔΗΣ,Γιάννης,Σαχινίδης,Popular link - Golden Dawn,ΧΡΥΣΗ ΑΥΓΗ,http://www.hellenicparliament.gr/userfiles/pothen/xrhsh2017_etos2018/SACHINIDIS_IOANNIS_1185643_2018.pdf,1185643
1294009,ΣΕΒΑΣΤΑΚΗΣ,Σεβαστάκης,Δημήτρης,Syriza,ΣΥΡΙΖΑ ,https://www.hellenicparliament.gr/userfiles/pothen/xrhsh2017_etos2018/SEVASTAKIS_DIMITRIOS_1379953_2018.pdf,1294009
1236626,ΣΕΛΤΣΑΣ,Σέλτσας,Κώστας,Syriza,ΣΥΡΙΖΑ ,http://www.hellenicparliament.gr/userfiles/pothen/xrhsh2017_etos2018/SELTSAS_KONSTANTINOS_1236626_2018.pdf,1236626
1272496,ΣΗΦΑΚΗΣ,Σηφάκης,Γιάννης,Syriza,ΣΥΡΙΖΑ ,http://www.hellenicparliament.gr/userfiles/pothen/xrhsh2017_etos2018/SIFAKIS_IOANN_1272496_2018.pdf,1272496
1255857,ΣΙΜΟΡΕΛΗΣ,Σιμορέλης,Χρήστος,Syriza,ΣΥΡΙΖΑ ,https://www.hellenicparliament.gr/userfiles/pothen/xrhsh2017_etos2018/SIMORELIS_CHRISTOS_1232909_2018.pdf,1255857
1050721,ΣΚΑΝΔΑΛΙΔΗΣ,Κώστας,Σκανδαλίδης,Democratic coalition (PASOK),ΔΗΜΟΚΡΑΤΙΚΗ ΣΥΜΠΑΡΑΤΑΞΗ,https://www.hellenicparliament.gr/userfiles/pothen/xrhsh2017_etos2018/SKANDALIDIS_KONSTANTINOS_1050721_2018.pdf,1050721
1201078,ΣΚΟΥΡΛΕΤΗΣ,Σκουρλέτης,Πάνος,Syriza,ΣΥΡΙΖΑ ,https://www.hellenicparliament.gr/userfiles/pothen/xrhsh2017_etos2018/SKOYRLETIS_PANAGIOTIS_1014204_2018.pdf,1201078
1171633,ΣΚΟΥΡΟΛΙΑΚΟΣ,Σκουρολιάκος,Πάνος,Syriza,ΣΥΡΙΖΑ ,http://www.hellenicparliament.gr/userfiles/pothen/xrhsh2017_etos2018/SKOYROLIAKOS_PANAGIOTIS_1171633_2018.pdf,1171633
980599,ΣΚΟΥΦΑ,Σκούφα,Μπέττυ,Syriza,ΣΥΡΙΖΑ ,http://www.hellenicparliament.gr/userfiles/pothen/xrhsh2017_etos2018/SKOYFA_ELISSABET_980599_2018.pdf,980599
1219505,ΣΚΡΕΚΑΣ,Κώστας,Σκρέκας,New Democracy,ΝΕΑ ΔΗΜΟΚΡΑΤΙΑ,http://www.hellenicparliament.gr/userfiles/pothen/xrhsh2017_etos2018/SKREKAS_KONSTANTINOS_1219505_2018.pdf,1219505
1112596,ΣΠΑΡΤΙΝΟΣ,Σπαρτινός,Κωνσταντίνος,Syriza,ΣΥΡΙΖΑ ,http://www.hellenicparliament.gr/userfiles/pothen/xrhsh2017_etos2018/SPARTINOS_KONSTANTINOS_1112596_2018.pdf,1112596
1294009,ΣΠΙΡΤΖΗΣ,Σπίρτζης,Χρήστος,Syriza,ΣΥΡΙΖΑ ,https://www.hellenicparliament.gr/userfiles/pothen/xrhsh2017_etos2018/SPIRTZIS_CHRIST_1304443_2018.pdf,1294009
1025399,ΣΤΑΘΑΚΗΣ,Σταθάκης,Γιώργος,Syriza,ΣΥΡΙΖΑ ,http://www.hellenicparliament.gr/userfiles/pothen/xrhsh2017_etos2018/STATHAKIS_GEORGIOS_1025399_2018.pdf,1025399
1037793,ΣΤΑΪΚΟΥΡΑΣ,Χρήστος,Σταϊκούρας,New Democracy,ΝΕΑ ΔΗΜΟΚΡΑΤΙΑ,https://www.hellenicparliament.gr/userfiles/pothen/xrhsh2017_etos2018/STAIKOYRAS_CHRISTOS_1037793_2018.pdf,1037793
1197170,ΣΤΑΜΑΤΑΚΗ,Σταματάκη,Ελένη,Syriza,ΣΥΡΙΖΑ ,https://www.hellenicparliament.gr/userfiles/pothen/xrhsh2017_etos2018/STAMATAKI_ELENI_1161745_2018.pdf,1197170
1069546,ΣΤΑΜΑΤΗΣ,Δημήτρης,Σταμάτης,New Democracy,ΝΕΑ ΔΗΜΟΚΡΑΤΙΑ,http://www.hellenicparliament.gr/userfiles/pothen/xrhsh2017_etos2018/STAMATIS_DIMITRIOS_1069546_2018.pdf,1069546
1114235,ΣΤΑΜΠΟΥΛΗ,Σταμπουλή,Αφροδίτη,Syriza,ΣΥΡΙΖΑ ,https://www.hellenicparliament.gr/userfiles/pothen/xrhsh2017_etos2018/STAMPOYLI_AFRODITI_978871_2018.pdf,1114235
1060661,ΣΤΕΡΓΙΟΥ,Κωνσταντίνος,Στεργίου,Greek Communist Party,Κομμουνιστικό Κόμμα Ελλάδας,http://www.hellenicparliament.gr/userfiles/pothen/xrhsh2017_etos2018/STERGIOY_KONSTANTINOS_1060661_2018.pdf,1060661
1298605,ΣΤΕΦΟΣ,Στέφος,Γιάννης,Syriza,ΣΥΡΙΖΑ ,https://www.hellenicparliament.gr/userfiles/pothen/xrhsh2017_etos2018/STEFOS_IOANNIS_1149777_2018.pdf,1298605
1058707,ΣΤΟΓΙΑΝΝΙΔΗΣ,Στογιαννίδης,Γρηγόρης,Syriza,ΣΥΡΙΖΑ ,https://www.hellenicparliament.gr/userfiles/pothen/xrhsh2017_etos2018/STOGIANNIDIS_GRIGORIOS_1251709_2018.pdf,1058707
1306395,ΣΤΥΛΙΟΣ,Γιώργος,Στύλιος,New Democracy,ΝΕΑ ΔΗΜΟΚΡΑΤΙΑ,http://www.hellenicparliament.gr/userfiles/pothen/xrhsh2017_etos2018/STYLIOS_GEORGIOS_1306395_2018.pdf,1306395
1203561,ΣΥΝΤΥΧΑΚΗΣ,Μανώλης,Συντυχάκης,Greek Communist Party,Κομμουνιστικό Κόμμα Ελλάδας,http://www.hellenicparliament.gr/userfiles/pothen/xrhsh2017_etos2018/SYNTYCHAKIS_EMMANOYIL_1203561_2018.pdf,1203561
1205345,ΣΥΡΙΓΟΣ,Συρίγος,Αντώνης,Syriza,ΣΥΡΙΖΑ ,http://www.hellenicparliament.gr/userfiles/pothen/xrhsh2017_etos2018/SYRIGOS_ANTONIOS_1205345_2018.pdf,1205345
1310110,ΣΥΡΜΑΛΕΝΙΟΣ,Συρμαλένιος,Νίκος,Syriza,ΣΥΡΙΖΑ ,http://www.hellenicparliament.gr/userfiles/pothen/xrhsh2017_etos2018/SYRMALENIOS_NIKOLAOS_1310110_2018.pdf,1310110
1319074,ΤΑΣΟΥΛΑΣ,Κώστας,Τασούλας,New Democracy,ΝΕΑ ΔΗΜΟΚΡΑΤΙΑ,http://www.hellenicparliament.gr/userfiles/pothen/xrhsh2017_etos2018/TASOYLAS_KONSTANTINOS_1319074_2018.pdf,1319074
1163716,ΤΑΣΣΟΣ,Σταύρος,Τάσσος,Greek Communist Party,Κομμουνιστικό Κόμμα Ελλάδας,http://www.hellenicparliament.gr/userfiles/pothen/xrhsh2017_etos2018/TASSOS_STAYROS_1163716_2018.pdf,1163716
1298605,ΤΕΛΙΓΙΟΡΙΔΟΥ,Τελιγιορίδου,Ολυμπία,Syriza,ΣΥΡΙΖΑ ,https://www.hellenicparliament.gr/userfiles/pothen/xrhsh2017_etos2018/TELIGIORIDOY_OLYMPIA_1190614_2018.pdf,1298605
1160179,ΤΖΑΒΑΡΑΣ,Κώστας,Τζαβάρας,New Democracy,ΝΕΑ ΔΗΜΟΚΡΑΤΙΑ,http://www.hellenicparliament.gr/userfiles/pothen/xrhsh2017_etos2018/TZABARAS_KONST_1160179_2018.pdf,1160179
982466,ΤΖΑΚΡΗ,Τζάκρη,Θεοδώρα,Syriza,ΣΥΡΙΖΑ ,http://www.hellenicparliament.gr/userfiles/pothen/xrhsh2017_etos2018/TZAKRI_THEODORA_982466_2018.pdf,982466
1152095,ΤΖΑΜΑΚΛΗΣ,Τζαμακλής,Χαρίλαος,Syriza,ΣΥΡΙΖΑ ,http://www.hellenicparliament.gr/userfiles/pothen/xrhsh2017_etos2018/TZAMAKLIS_CHARILAOS_1152095_2018.pdf,1152095
1087818,ΤΖΕΛΕΠΗΣ,Μιχάλης,Τζελέπης,Democratic coalition (PASOK),ΔΗΜΟΚΡΑΤΙΚΗ ΣΥΜΠΑΡΑΤΑΞΗ,http://www.hellenicparliament.gr/userfiles/pothen/xrhsh2017_etos2018/TZELEPIS_MICHAIL_1087818_2018.pdf,1087818
1294009,ΤΖΟΥΦΗ,Τζούφη,Μερόπη,Syriza,ΣΥΡΙΖΑ ,https://www.hellenicparliament.gr/userfiles/pothen/xrhsh2017_etos2018/TZOYFI_MEROPI_1188545_2018.pdf,1294009
1297238,ΤΟΣΚΑΣ,Τόσκας,Νίκος,Syriza,ΣΥΡΙΖΑ ,https://www.hellenicparliament.gr/userfiles/pothen/xrhsh2017_etos2018/TOSKAS_NIKOL_1309435_2018.pdf,1297238
1244102,ΤΡΑΓΑΚΗΣ,Γιάννης,Τραγάκης,New Democracy,ΝΕΑ ΔΗΜΟΚΡΑΤΙΑ,http://www.hellenicparliament.gr/userfiles/pothen/xrhsh2017_etos2018/TRAGAKIS_IOANNIS_1244102_2018.pdf,1244102
1166044,ΤΡΙΑΝΤΑΦΥΛΛΙΔΗΣ ,Τριανταφυλλίδης ,Αλέξανδρος,Syriza,ΣΥΡΙΖΑ ,https://www.hellenicparliament.gr/userfiles/pothen/xrhsh2017_etos2018/TRIANTAFYLLIDIS_ALEXANDROS_1166044_2018.pdf,1166044
1197170,ΤΡΙΑΝΤΑΦΥΛΛΟΥ,Τριανταφύλλου,Μαρία,Syriza,ΣΥΡΙΖΑ ,https://www.hellenicparliament.gr/userfiles/pothen/xrhsh2017_etos2018/TRIANTAFYLLOY_MARIA_1021593_2018.pdf,1197170
1134785,ΤΣΑΚΑΛΩΤΟΣ,Τσακαλώτος,Ευκλείδης,Syriza,ΣΥΡΙΖΑ ,http://www.hellenicparliament.gr/userfiles/pothen/xrhsh2017_etos2018/TSAKALOTOS_EYKLEIDIS_1134785_2018.pdf,1134785
1310342,ΤΣΙΑΡΑΣ,Κώστας,Τσιάρας,New Democracy,ΝΕΑ ΔΗΜΟΚΡΑΤΙΑ,http://www.hellenicparliament.gr/userfiles/pothen/xrhsh2017_etos2018/TSIARAS_KONSTANTINOS_1310342_2018.pdf,1310342
1197170,ΤΣΙΠΡΑΣ,Τσίπρας,Αλέξης,Syriza,ΣΥΡΙΖΑ ,https://www.hellenicparliament.gr/userfiles/pothen/xrhsh2017_etos2018/TSIPRAS_ALEXIOS_1191632_2018.pdf,1197170
1066554,ΤΣΙΡΚΑΣ,Τσίρκας,Βασίλης,Syriza,ΣΥΡΙΖΑ ,http://www.hellenicparliament.gr/userfiles/pothen/xrhsh2017_etos2018/TSIRKAS_BASILEIOS_1066554_2018.pdf,1066554
1037793,ΤΣΙΡΩΝΗΣ,Τσιρώνης,Γιάννης,Syriza,ΣΥΡΙΖΑ ,https://www.hellenicparliament.gr/userfiles/pothen/xrhsh2017_etos2018/TSIRONIS_IOANN_1280680_2018.pdf,1037793
1315258,ΤΣΟΓΚΑΣ,Τσόγκας,Γιώργος,Syriza,ΣΥΡΙΖΑ ,http://www.hellenicparliament.gr/userfiles/pothen/xrhsh2017_etos2018/TSOGKAS_GEORGIOS_1315258_2018.pdf,1315258
1297238,ΦΑΜΕΛΛΟΣ,Φάμελλος,Σωκράτης,Syriza,ΣΥΡΙΖΑ ,https://www.hellenicparliament.gr/userfiles/pothen/xrhsh2017_etos2018/FAMELLOS_SOKRATIS_1232911_2018.pdf,1297238
1320978,ΦΙΛΗΣ,Φίλης,Νίκος,Syriza,ΣΥΡΙΖΑ ,http://www.hellenicparliament.gr/userfiles/pothen/xrhsh2017_etos2018/FILIS_NIKOLAOS_1320978_2018.pdf,1320978
1198370,ΦΛΑΜΠΟΥΡΑΡΗΣ,Φλαμπουράρης,Αλέκος,Syriza,ΣΥΡΙΖΑ ,http://www.hellenicparliament.gr/userfiles/pothen/xrhsh2017_etos2018/FLAMPOYRARIS_ALEXANDROS_1198370_2018.pdf,1198370
1321858,ΦΟΡΤΣΑΚΗΣ,Θεόδωρος,Φορτσάκης,New Democracy,ΝΕΑ ΔΗΜΟΚΡΑΤΙΑ,http://www.hellenicparliament.gr/userfiles/pothen/xrhsh2017_etos2018/FORTSAKIS_THEODOROS_1321858_2018.pdf,1321858
1007184,ΦΩΚΑΣ,Αριστείδης,Φωκάς,Independent,ΑΝΕΞΑΡΤΗΤΟΙ,http://www.hellenicparliament.gr/userfiles/pothen/xrhsh2017_etos2018/FOKAS_ARIST_1007184_2018.pdf,1007184
1075740,ΦΩΤΗΛΑΣ,Ιάσων,Φωτήλας,New Democracy,ΝΕΑ ΔΗΜΟΚΡΑΤΙΑ,http://www.hellenicparliament.gr/userfiles/pothen/xrhsh2017_etos2018/FOTILAS_IASON_1075740_2018.pdf,1075740
1199513,ΦΩΤΙΟΥ,Φωτίου,Θεανώ,Syriza,ΣΥΡΙΖΑ ,http://www.hellenicparliament.gr/userfiles/pothen/xrhsh2017_etos2018/FOTIOY_THEANO_1199513_2018.pdf,1199513
1213963,ΧΑΡΑΚΟΠΟΥΛΟΣ,Μάξιμος,Χαρακόπουλος,New Democracy,ΝΕΑ ΔΗΜΟΚΡΑΤΙΑ,http://www.hellenicparliament.gr/userfiles/pothen/xrhsh2017_etos2018/CHARAKOPOYLOS_MAXIMOS_1213963_2018.pdf,1213963
999591,ΧΑΤΖΗΔΑΚΗΣ,Κωστής,Χατζηδάκης,New Democracy,ΝΕΑ ΔΗΜΟΚΡΑΤΙΑ,http://www.hellenicparliament.gr/userfiles/pothen/xrhsh2017_etos2018/CHATZIDAKIS_DIONYSIOS_999591_2018.pdf,999591
1245532,ΧΑΤΖΗΣΑΒΒΑΣ,Χρήστος,Χατζησάββας,Popular link - Golden Dawn,ΧΡΥΣΗ ΑΥΓΗ,http://www.hellenicparliament.gr/userfiles/pothen/xrhsh2017_etos2018/CHATZISABBAS_CHRISTOS_1245532_2018.pdf,1245532
1084028,ΧΡΙΣΤΟΔΟΥΛΟΠΟΥΛΟΥ,Χριστοδουλοπούλου,Τασία,Syriza,ΣΥΡΙΖΑ ,http://www.hellenicparliament.gr/userfiles/pothen/xrhsh2017_etos2018/CHRISTODOYLOPOYLOY_ANASTASIA_1084028_2018.pdf,1084028
1117644,ΧΡΙΣΤΟΦΙΛΟΠΟΥΛΟΥ,Εύη,Χριστοφιλοπούλου,Democratic coalition (PASOK),ΔΗΜΟΚΡΑΤΙΚΗ ΣΥΜΠΑΡΑΤΑΞΗ,http://www.hellenicparliament.gr/userfiles/pothen/xrhsh2017_etos2018/CHRISTOFILOPOYLOY_PARASK_1117644_2018.pdf,1117644
1277777,ΨΑΡΙΑΝΟΣ,Γρηγόρης,Ψαριανός,Independent,ΑΝΕΞΑΡΤΗΤΟΙ,http://www.hellenicparliament.gr/userfiles/pothen/xrhsh2017_etos2018/PSARIANOS_GRIGOR_1277777_2018.pdf,1277777
1319569,ΨΥΧΟΓΙΟΣ,Ψυχογιός,Γιώργος,Syriza,ΣΥΡΙΖΑ ,http://www.hellenicparliament.gr/userfiles/pothen/xrhsh2017_etos2018/PSYCHOGIOS_GEORGIOS_1319569_2018.pdf,1319569
